<?xml version="1.0" encoding="UTF-8"?>
<toolbox>
	<tool>
		<key>SSOPermission</key>
		<scope>application</scope>
		<class>com.baomidou.springwind.common.SSOPermissionTool</class>
	</tool>
	<tool>
		<key>date</key>
		<scope>application</scope>
		<class>org.apache.velocity.tools.generic.DateTool</class>
	</tool>
	<tool>
		<key>math</key>
		<scope>application</scope>
		<class>org.apache.velocity.tools.generic.MathTool</class>
	</tool>
	<tool>
		<key>number</key>
		<scope>application</scope>
		<class>org.apache.velocity.tools.generic.NumberTool</class>
	</tool>
	<tool>
		<key>render</key>
		<scope>application</scope>
		<class>org.apache.velocity.tools.generic.RenderTool</class>
	</tool>
	<tool>
		<key>esc</key>
		<scope>application</scope>
		<class>org.apache.velocity.tools.generic.EscapeTool</class>
	</tool>
	<tool>
		<key>alternator</key>
		<scope>application</scope>
		<class>org.apache.velocity.tools.generic.AlternatorTool</class>
	</tool>
	<tool>
		<key>parser</key>
		<scope>application</scope>
		<class>org.apache.velocity.tools.generic.ValueParser</class>
	</tool>
	<tool>
		<key>sorter</key>
		<scope>application</scope>
		<class>org.apache.velocity.tools.generic.SortTool</class>
	</tool>
</toolbox>