<?xml version="1.0" encoding="UTF-8"?>
<beans xmlns="http://www.springframework.org/schema/beans"
	xmlns:xsi="http://www.w3.org/2001/XMLSchema-instance"
	xmlns:context="http://www.springframework.org/schema/context"
	xmlns:tx="http://www.springframework.org/schema/tx"
	xmlns:aop="http://www.springframework.org/schema/aop"
	xsi:schemaLocation="http://www.springframework.org/schema/beans http://www.springframework.org/schema/beans/spring-beans-4.2.xsd
	   http://www.springframework.org/schema/aop http://www.springframework.org/schema/aop/spring-aop-4.2.xsd
       http://www.springframework.org/schema/context http://www.springframework.org/schema/context/spring-context-4.2.xsd
       http://www.springframework.org/schema/tx http://www.springframework.org/schema/tx/spring-tx-4.2.xsd">

	<!-- 扫描 service -->
	<context:component-scan base-package="com.baomidou.springwind.service" />
	
	<!-- 使用annotation注解方式配置事务 -->
	<tx:annotation-driven transaction-manager="transactionManager" />

	<!-- 使用JDBC事物 -->
	<bean id="transactionManager" class="org.springframework.jdbc.datasource.DataSourceTransactionManager">
		<property name="dataSource" ref="dataSource" />
	</bean>
	
	<!-- AOP配置事物 -->
	<tx:advice id="transactionAdvice" transaction-manager="transactionManager">
		<tx:attributes>
			<tx:method name="select*" read-only="true" propagation="REQUIRED" />
			<tx:method name="delete*"  propagation="REQUIRED" rollback-for="Exception" />
			<tx:method name="update*" propagation="REQUIRED" rollback-for="Exception" />
			<tx:method name="insert*" propagation="REQUIRED" rollback-for="Exception" />
			<tx:method name="*" propagation="REQUIRED" />
		</tx:attributes>
	</tx:advice>
	
	<!-- 配置AOP切面 -->
	<aop:config>
        <aop:pointcut id="transactionPointcut" expression="execution(* com.baomidou.springwind.service.impl..*.*(..))"/>
        <aop:advisor pointcut-ref="transactionPointcut" advice-ref="transactionAdvice"/>
    </aop:config>

</beans>