<?xml version="1.0" encoding="UTF-8"?>
<beans xmlns="http://www.springframework.org/schema/beans"
	xmlns:xsi="http://www.w3.org/2001/XMLSchema-instance" xmlns:context="http://www.springframework.org/schema/context"
	xmlns:tx="http://www.springframework.org/schema/tx" xmlns:aop="http://www.springframework.org/schema/aop"
	xsi:schemaLocation="http://www.springframework.org/schema/beans http://www.springframework.org/schema/beans/spring-beans-4.2.xsd
	   http://www.springframework.org/schema/aop http://www.springframework.org/schema/aop/spring-aop-4.2.xsd
       http://www.springframework.org/schema/context http://www.springframework.org/schema/context/spring-context-4.2.xsd
       http://www.springframework.org/schema/tx http://www.springframework.org/schema/tx/spring-tx-4.2.xsd">

	<!-- 配置dbcp数据源 -->
	<bean id="dataSource" class="com.alibaba.druid.pool.DruidDataSource"
		init-method="init" destroy-method="close">
		<property name="driverClassName" value="${jdbc.driverClassName}" />
		<property name="url" value="${jdbc.url}" />
		<property name="username" value="${jdbc.username}" />
		<property name="password" value="${jdbc.password}" />
	</bean>

	<!-- MyBatis SqlSessionFactoryBean 配置 -->
    <bean id="sqlSessionFactory" class="com.baomidou.mybatisplus.spring.MybatisSqlSessionFactoryBean">
   		<property name="dataSource" ref="dataSource" />
		<property name="configLocation" value="classpath:xml/mybatis-config.xml" />
		<property name="typeAliasesPackage" value="com.baomidou.springwind.entity;com.baomidou.springwind.entity.vo" />
		<property name="mapperLocations" value="classpath:com/baomidou/springwind/mapper/xml/*Mapper.xml" />
        <property name="plugins">
            <array>
                <!-- 分页插件配置 -->
                <bean id="paginationInterceptor" class="com.baomidou.mybatisplus.plugins.PaginationInterceptor">
			        <property name="dialectType" value="mysql" />
			    </bean>
            </array>
        </property>
    </bean>
    
    <!-- 加载 mapper.xml 接口 配置文件 -->
	<bean id="mapperScannerConfigurer" class="org.mybatis.spring.mapper.MapperScannerConfigurer">
		<property name="basePackage" value="com.baomidou.springwind.mapper" />
	</bean>

</beans>